{"graph": {"_type": "graph-file", "path": "media/graph/graph_summary_ab2a091f.graph.json", "sha256": "ab2a091f628fe5e2fcbfb9032ddc3b6eac5737116101e27f95c5ab0bd8c533c9", "size": 1827}, "loss": 0.4116574372565613, "_timestamp": 1586122993.4956844, "_step": 16, "_runtime": 888.3831536769867, "val_loss": 0.4391937738438265, "val_acc": 0.8257900476455688, "examples": {"width": 28, "height": 28, "format": "png", "count": 4, "_type": "images", "captions": ["0: 0.5547975897789001", "O: 0.6552860736846924", "0: 0.4807267189025879", "0: 0.6260681748390198"]}, "epoch": 15, "acc": 0.8338829278945923, "best_val_loss": 0.4391937738438265, "best_epoch": 15, "test_metric": 0.82579003029271}
