{"graph": {"_type": "graph-file", "path": "media/graph/graph_summary_b867eb29.graph.json", "sha256": "b867eb299d4e8621674e73256f11db32ec6c25ff0d1fa9998f1bd27f340c8d19", "size": 1806}, "_step": 16, "val_loss": 0.45527869834641527, "epoch": 15, "_timestamp": 1586112281.595815, "loss": 0.39587271151276976, "examples": {"width": 28, "height": 28, "format": "png", "count": 4, "_type": "images", "captions": ["O: 0.5019132494926453", "O: 0.5995540618896484", "o: 0.3825395107269287", "0: 0.6734197735786438"]}, "val_acc": 0.8200362324714661, "_runtime": 374.56801772117615, "acc": 0.8368832468986511, "best_val_loss": 0.44720944255129047, "best_epoch": 14, "test_metric": 0.820036207854595}
