{"graph": {"_type": "graph-file", "path": "media/graph/graph_summary_be26c100.graph.json", "sha256": "be26c100bebfb8575254bc37dee5ebbdadd84770faeaf29aafd6b1459e5b32f1", "size": 994}, "acc": 0.8169991374015808, "_timestamp": 1586108825.920908, "val_acc": 0.7923784255981445, "loss": 0.4788216736021482, "epoch": 15, "_runtime": 4156.090237855911, "_step": 16, "examples": {"width": 28, "height": 28, "format": "png", "count": 4, "_type": "images", "captions": ["0: 0.4578312337398529", "O: 0.6496750116348267", "0: 0.4563254117965698", "0: 0.5883927345275879"]}, "val_loss": 0.5892024926089365, "best_val_loss": 0.5580181074798654, "best_epoch": 9, "test_metric": 0.7923784258545591}
