{"graph": {"_type": "graph-file", "path": "media/graph/graph_summary_ec1a82a1.graph.json", "sha256": "ec1a82a17a6d7723ea3675ca143913042d2567fd48214ecc93930dbb72d1699b", "size": 1849}, "examples": {"width": 952, "height": 28, "format": "png", "count": 4, "_type": "images", "captions": ["te oe fi ls lealfert ook bencd: 1.33640386083822e-14", "cd cone ino te lingoo hbeuce: 3.094160322584887e-15", "tecotar ond Teue Iood oglor at: 5.839961828468972e-16", "Iis aolonce. te aae aho foling: 4.391462580964928e-18"]}, "_timestamp": 1586196977.5573115, "_step": 12, "ctc_loss_loss": 69.72820281982422, "val_ctc_loss_loss": 66.22095489501953, "loss": 69.72736596624678, "val_loss": 66.22096430460611, "_runtime": 1669.7848045825958, "epoch": 12, "best_val_loss": 66.22096430460611, "best_epoch": 12}
