{"graph": {"_type": "graph-file", "path": "media/graph/graph_summary_8c6c5087.graph.json", "sha256": "8c6c5087e95a7465e112fbe7845a50db98e49a8016846ad9bdc46b450957e9c1", "size": 1292}, "examples": {"width": 28, "height": 28, "format": "png", "count": 4, "_type": "images", "captions": ["0: 0.4936046600341797", "O: 0.49668005108833313", "0: 0.48715803027153015", "0: 0.5933178663253784"]}, "loss": 0.8105788537682707, "_timestamp": 1586126008.5050607, "_step": 6, "_runtime": 71.05917000770569, "epoch": 6, "val_acc": 0.7618526816368103, "val_loss": 0.6535963016912478, "acc": 0.7211053371429443, "best_val_loss": 0.6535963016912478, "best_epoch": 6}
