{"graph": {"_type": "graph-file", "path": "media/graph/graph_summary_7d5e301a.graph.json", "sha256": "7d5e301aa19950362dc2fb586d1484f9231513aab006cce1f0ec74cc645239fc", "size": 1824}, "epoch": 12, "examples": {"width": 28, "height": 28, "format": "png", "count": 4, "_type": "images", "captions": ["0: 0.48177480697631836", "O: 0.5314350128173828", "0: 0.4579470455646515", "0: 0.6994755268096924"]}, "_timestamp": 1586122084.2441134, "val_acc": 0.8265249133110046, "_step": 12, "_runtime": 537.3561596870422, "acc": 0.83348149061203, "loss": 0.40669991868149175, "val_loss": 0.43944023699935425, "best_val_loss": 0.4385998933960538, "best_epoch": 10}
