{"graph": {"_type": "graph-file", "path": "media/graph/graph_summary_ec1a82a1.graph.json", "sha256": "ec1a82a17a6d7723ea3675ca143913042d2567fd48214ecc93930dbb72d1699b", "size": 1849}, "val_ctc_loss_loss": 57.4554443359375, "ctc_loss_loss": 59.075111389160156, "_step": 16, "examples": {"width": 952, "height": 28, "format": "png", "count": 4, "_type": "images", "captions": ["te oe fin l hrealfont-noak leucd: 2.0007872095217927e-11", "cd cone ino Ne hingao werce: 1.7976729317376733e-14", "tecatle? and Iue Iod ogler a: 3.8294860988871693e-13", "Iis anlonce. te ccnl, aho foling: 6.179987619737981e-14"]}, "loss": 59.07645742504752, "_runtime": 1913.0169286727905, "_timestamp": 1586381930.7093785, "epoch": 15, "val_loss": 57.45544878641764, "best_val_loss": 57.45544878641764, "best_epoch": 15, "test_metric": 0.6484899468599701}
