{"graph": {"_type": "graph-file", "path": "media/graph/graph_summary_e9957333.graph.json", "sha256": "e9957333fe8e0e992aa15f2c9d1d84ee20a82fd4f27dcee4d882cce752bb9f1a", "size": 1849}, "examples": {"width": 952, "height": 28, "format": "png", "count": 4, "_type": "images", "captions": ["in a ciassnoom but aiso in: 0.04349236190319061", "patriotic and one of the: 0.040209829807281494", "weeks earlier than: 0.14725147187709808", "are cut from: 0.12003261595964432"]}, "ctc_loss_loss": 2.985971689224243, "val_ctc_loss_loss": 3.309309959411621, "loss": 2.983971656799316, "val_loss": 3.309310182929039, "epoch": 15, "_runtime": 2554.610221862793, "_timestamp": 1586273500.327604, "_step": 16, "best_val_loss": 3.309310182929039, "best_epoch": 15, "test_metric": 0.9367259793091971}
